<?xml version="1.0" encoding="UTF-8"?>
<project-private xmlns="http://www.netbeans.org/ns/project-private/1">
    <editor-bookmarks xmlns="http://www.netbeans.org/ns/editor-bookmarks/2" lastBookmarkId="0"/>
    <open-files xmlns="http://www.netbeans.org/ns/projectui-open-files/2">
        <group>
            <file>file:/Users/rb/mackenzie/2017_1/LP3LAB/src/AppFrontController/src/java/mack/dao/usuario/UsuarioDAOImpl.java</file>
            <file>file:/Users/rb/mackenzie/2017_1/LP3LAB/src/AppFrontController/web/index.jsp</file>
            <file>file:/Users/rb/mackenzie/2017_1/LP3LAB/src/AppFrontController/src/java/mack/dao/usuario/UsuarioUtil.java</file>
            <file>file:/Users/rb/mackenzie/2017_1/LP3LAB/src/AppFrontController/src/java/mack/dao/usuario/UsuarioDAOJPAImpl.java</file>
            <file>file:/Users/rb/mackenzie/2017_1/LP3LAB/src/AppFrontController/web/index.html</file>
        </group>
    </open-files>
</project-private>
